INSERT INTO Jogo (jogosNome, jogosDescricao, jogosLancamento, jogosDesenvolvedora, jogosNota, jogosPlataforma, jogosPrice, jogosImg,jogosTipo,jogosCategories, jogosTrailer)  
VALUES 
('Dragon Ball Fighter Z', 'Libere o poder dos Saiyajins neste incrível jogo de luta ambientado no universo Dragon Ball. Combates intensos, gráficos deslumbrantes e ação ininterrupta. Prepare-se para a batalha!', '2018-01-26', 'Arc System Works', 8.0, 3, 60, '/assets/home/jogos/dragonball-fighter-z.jpg','jogo', 'Luta','https://www.youtube.com/watch?v=oBI0MU73nlc&embeds_referring_euri=https%3A%2F%2Fwww.nuuvem.com%2F&source_ve_path=OTY3MTQ&feature=emb_imp_woyt'),

('Dying Light Definitive Edition', 'Enfrente hordas de zumbis em um mundo pós-apocalíptico. Sobreviva usando suas habilidades e explore um ambiente tenso e imersivo. A edição definitiva traz ainda mais emoção ao gameplay.', '2015-01-27', 'Techland', 9.0, 2, 40, '/assets/home/jogos/dying-light-definitive.jpg','jogo', 'Ação', 'https://www.youtube.com/watch?v=3zeUJaGxe14'),

('Hogwarts Legacy', 'Viva a magia de Harry Potter como nunca antes em um RPG envolvente. Explore o mundo mágico, aprenda feitiços poderosos e embarque em uma jornada épica em Hogwarts. Uma experiência única para os fãs!', '2022-10-28', 'Portkey Games', 9.5, 4, 150, '/assets/home/jogos/hogwarts-legacy-deluxe.jpg','jogo', 'Aventura', 'https://www.youtube.com/watch?v=1O6Qstncpnc'),

('Mortal Kombat 11', 'Entre no ringue e prove ser o melhor lutador em Mortal Kombat 11. Combates brutais, personagens icônicos e gráficos impressionantes tornam este jogo uma experiência inesquecível para os amantes de luta.', '2019-04-23', 'NetherRealm Studios', 9.2, 1, 30, '/assets/home/jogos/mk-11.jpg','jogo', 'Luta', 'https://www.youtube.com/watch?v=UoTams2yc0s'),

('Batman Arkham Knight', 'Assuma o papel do Cavaleiro das Trevas em Gotham City. Combata criminosos, resolva mistérios e vivencie a conclusão épica da trilogia Arkham. Uma aventura intensa e sombria para os fãs do Batman.', '2015-06-23', 'Rocksteady Studios', 9.4, 2, 120, '/assets/home/jogos/batman-arkham.jpg','jogo', 'Fantasia', 'https://www.youtube.com/watch?v=lx4oQCHJ1D8'),

('Injustice 2 Legendary Edition', 'Reúna os heróis e vilões da DC Comics em batalhas épicas. Com um elenco diversificado e poderes extraordinários, Injustice 2 Legendary Edition oferece uma experiência de luta única e emocionante.', '2017-05-16', 'NetherRealm Studios', 8.8, 1, 35, '/assets/home/jogos/injustice-2-legendary.jpg','DLC', 'Luta', 'https://www.youtube.com/watch?v=vZb109HY7MY'),

('Baldurs Gate 3', 'Explore os reinos esquecidos em um RPG épico baseado na série Dungeons & Dragons. Com gráficos impressionantes e escolhas significativas, Baldurs Gate 3 leva a experiência de RPG a novos patamares.', '2023-09-29', 'Larian Studios', 9.8, 3, 350, '/assets/home/jogos/baldur-gate-3.jpg','jogo', 'Fantasia','https://www.youtube.com/watch?v=o_1WL8B8DBU'),

('Lego Harry Potter Collection', 'Reviva a magia de Hogwarts com LEGO. Explore os oito filmes da saga Harry Potter em uma coletânea divertida e cheia de humor. Uma jornada encantadora para fãs de todas as idades.', '2020-10-30', 'TT Games', 8.7, 4, 40, '/assets/home/jogos/lego-harry-potter-collection.jpg','jogo', 'Fantasia', 'https://www.youtube.com/watch?v=tiv2tySHzQQ'),

('Batman Arkham Collection', 'Experimente a trilogia definitiva do Cavaleiro das Trevas com Batman Arkham Collection. Incluindo Arkham Asylum, Arkham City e Arkham Knight, esta coleção é uma homenagem aos fãs do Batman.', '2019-09-06', 'Rocksteady Studios', 9.6, 2, 30, '/assets/home/jogos/batman-arkham-collection.jpg','jogo', 'Ação','https://www.youtube.com/watch?v=YsKBRuqhv3M'),

('Injustice Gods Among Us Ultimate Edition', 'Testemunhe batalhas épicas entre heróis e vilões da DC Comics. Com visuais deslumbrantes e um elenco diversificado, Injustice Gods Among Us Ultimate Edition é um must-have para fãs de luta.', '2013-11-12', 'NetherRealm Studios', 8.5, 1, 25, '/assets/home/jogos/injustice-gods-among-us.jpg','DLC', 'Luta', 'https://www.youtube.com/watch?v=hMkTQSbE6Bc'),

('Naruto Ultimate Ninja Storm 4 Road to Boruto', 'Entre no universo ninja de Naruto em batalhas espetaculares. Com gráficos incríveis e uma narrativa envolvente, este jogo é uma ode aos fãs da série.', '2016-02-05', 'CyberConnect2', 8.9, 3, 145, '/assets/home/jogos/naruto-storm-4.jpg','DLC', 'Luta','https://www.youtube.com/watch?v=6aomIdYhuhU&embeds_referring_euri=https%3A%2F%2Fwww.nuuvem.com%2F&source_ve_path=OTY3MTQ&feature=emb_imp_woyt'),

('Middle Earth Shadow of War Definitive Edition', 'Explore o épico universo de O Senhor dos Anéis em ação e aventura. A edição definitiva traz todo o conteúdo adicional, aprimorando ainda mais a experiência do jogador.', '2017-10-10', 'Monolith Productions', 9.1, 1, 20, '/assets/home/jogos/shadow-of-war-definitive.jpg','jogo', 'Fantasia','https://www.youtube.com/watch?v=bhSfjt8jQyk'),

('Duke Nukem 3D World Tour', 'Reviva o clássico jogo de tiro em primeira pessoa com gráficos aprimorados. Duke Nukem 3D World Tour é uma homenagem aos fãs do gênero FPS e uma oportunidade de redescobrir a ação explosiva.', '2016-10-11', 'Nerve Software', 8.2, 1, 65, '/assets/home/jogos/duke-nukem-3d.jpg','jogo', 'Ação','https://www.youtube.com/watch?v=avv5-_ro-GQ'),

('Lego DC Super Villains Deluxe Edition', 'Assuma o controle dos vilões mais icônicos da DC Comics em uma jornada LEGO divertida e cheia de surpresas. Com um elenco diversificado, esta edição deluxe é um convite para a diversão.', '2018-10-16', 'TT Games', 8.6, 4, 35, '/assets/home/jogos/lego-super-villains.jpg','jogo', 'Fantasia','https://www.youtube.com/watch?v=UOqYaUQxZIQ'),

('Nioh Complete Edition', 'Mergulhe no Japão feudal com Nioh Complete Edition. Combates intensos, inimigos desafiadores e uma narrativa envolvente tornam este jogo uma experiência única para os fãs de ação e RPG.', '2017-11-07', 'Team Ninja', 8.8, 3, 50, '/assets/home/jogos/nioh.jpg','jogo', 'Hack and Slash','https://www.youtube.com/watch?v=_9PIVYW8u20'),

('Minecraft Java', 'Desperte sua criatividade com Minecraft Java. Construa, explore e sobreviva em um mundo pixelizado. Com infinitas possibilidades, este jogo é uma jornada única para os amantes da construção.', '2011-11-18', 'Mojang', 9.0, 3, 100, '/assets/home/jogos/minecraft-java-bedrock.jpg','jogo', 'Ação','https://www.youtube.com/watch?v=qNMfF9TYETM'),

('Tekken 8 Ultimate Edition', 'Prepare-se para a próxima evolução da série Tekken. Com novos lutadores, arenas e mecânicas aprimoradas, Tekken 8 Ultimate Edition é um convite para os fãs de luta embarcarem em uma jornada épica.', '2023-11-28', 'Bandai Namco Entertainment', 7.5, 1, 260, '/assets/home/jogos/tekken-8.jpg','jogo', 'Luta','https://www.youtube.com/watch?v=2hPuRQz6IlM '),

('Street Fighter 6', 'A lenda da luta retorna com Street Fighter 6. Com gráficos de última geração e um elenco estelar, este jogo promete redefinir a experiência de luta. Junte-se à batalha e mostre suas habilidades!', '2023-06-02', 'Capcom', 9.7, 1, 350, '/assets/home/jogos/street-fighter-6.jpg','jogo', 'Luta','https://www.youtube.com/watch?v=qqW4ENjH-pg'),

('Lego Batman 3 Beyond Gotham Premium Edition', 'Leve o Cavaleiro das Trevas para o espaço em LEGO. Com uma trama envolvente e muitos personagens divertidos, esta edição premium é uma adição imperdível para os fãs de LEGO e Batman.', '2014-11-11', 'TT Games', 8.5, 4, 25, '/assets/home/jogos/lego-batman-3.jpg','pacote', 'Fantasia','https://www.youtube.com/watch?v=8vznzTBvPl4'),

('Mortal Kombat X Premium Edition', 'A brutalidade está de volta em Mortal Kombat X. Com fatalities incríveis e um elenco expandido, a edição premium oferece ainda mais conteúdo para os fãs de luta. Prepare-se para a carnificina!', '2015-04-14', 'NetherRealm Studios', 9.3, 1, 40, '/assets/home/jogos/mortal-kombat-x.jpg','pacote', 'Luta','https://www.youtube.com/watch?v=jSi2LDkyKmI'),

('Super Mario RPG', 'Reviva a nostalgia com Super Mario RPG. Uma mistura perfeita de ação e RPG, este clássico da série Mario oferece uma jornada encantadora repleta de personagens adoráveis e desafios divertidos.', '1996-03-09', 'Square', 9.1, 4, 320, '/assets/home/jogos/super-mario-rpg.jpg','jogo', 'Aventura','https://www.youtube.com/watch?v=6umlOfTip4k'),

('Eiyuden Chronicle', 'Viaje de volta aos RPGs clássicos com Eiyuden Chronicle. Desenvolvido por veteranos da série Suikoden, este jogo promete uma narrativa envolvente e personagens inesquecíveis. Uma ode aos amantes de RPG.', '2023-10-16', 'Rabbit & Bear', 8.7,2, 250, '/assets/home/jogos/eiyuden-chronicle.jpg','jogo', 'Fantasia','https://www.youtube.com/watch?v=bJ6kJMrfKZ8'),

('Lego Marvel Super Heroes 2 Deluxe Edition', 'Junte-se aos super-heróis da Marvel em uma aventura LEGO épica. Com um elenco vasto e humor característico, esta edição deluxe é perfeita para fãs de LEGO e quadrinhos.', '2017-11-14', 'TT Games', 8.4, 4, 60, '/assets/home/jogos/lego-marvel-super-heroes-2.jpg','assinatura', 'Aventura','https://www.youtube.com/watch?v=VWxYyaclTWU'),

('Lego Star Wars Skywalker Saga', 'Reviva a saga completa de Star Wars em LEGO. Com novos gráficos e missões emocionantes, esta edição é uma celebração da galáxia muito, muito distante. Que a Força esteja com você!', '2022-04-08', 'TT Games', 7.5, 4, 50, '/assets/home/jogos/lego-star-wars-skywalker-saga.jpg','jogo', 'Aventura','https://www.youtube.com/watch?v=AzjUuIMs5N0'),

('Lego Marvel Super Heroes 2', 'Explore o universo Marvel de uma maneira única em LEGO. Com missões empolgantes e personagens adoráveis, este jogo é uma homenagem à grandeza dos super-heróis em uma versão LEGO.', '2017-11-14', 'TT Games', 8.4, 4, 60, '/assets/home/jogos/lego-marvel-super-heroes-2.jpg','jogo', 'Ação','https://www.youtube.com/watch?v=TZp3WsNXIUY'),

('Lego Indiana Jones', 'Reviva as aventuras do intrépido arqueólogo em LEGO. Com humor característico e quebra-cabeças divertidos, este jogo é uma homenagem à série de filmes Indiana Jones de uma maneira única.', '2008-06-03', 'Traveller''s Tales', 8.2, 4, 55, '/assets/home/jogos/lego-indiana-jones.jpg','jogo', 'Ação','https://www.youtube.com/watch?v=-y5ku1b9RcM'),

('Batman Arkham City GOTY Edition', 'Experimente a obra-prima do Cavaleiro das Trevas com a Edição do Jogo do Ano de Batman Arkham City. Com gráficos aprimorados e todo o conteúdo adicional, esta edição é indispensável para os fãs de Batman.', '2012-09-07', 'Rocksteady Studios', 9.2, 2, 50, '/assets/home/jogos/batman-arkham-knight.jpg','assinatura', 'Ação','https://www.youtube.com/watch?v=FCTdm8Nb7Ps'),

('Lego Avengers Deluxe Edition', 'Junte-se aos heróis mais poderosos da Terra em LEGO. Com missões emocionantes e personagens icônicos, esta edição deluxe é uma celebração da grandiosidade dos Vingadores em uma versão LEGO.', '2016-01-26', 'TT Games', 8.3, 4, 60, '/assets/home/jogos/lego-avengers.jpg','assinatura', 'Ação','https://www.youtube.com/watch?v=hyWbPHrsW_g'),

('Pure Farming 2018 Deluxe Edition', 'Viva a experiência agrícola definitiva com Pure Farming 2018 Deluxe Edition. Com gráficos incríveis e uma variedade de culturas, esta edição de luxo oferece uma imersão total na vida rural.', '2018-03-13', 'Ice Flames', 7.5, 2, 50, '/assets/home/jogos/pure-farming-2018-deluxe.jpg','jogo', 'Fantasia','https://www.youtube.com/watch?v=YSga8NaUOb8'),

('One Punch Man Deluxe Edition', 'Assuma o papel do herói mais poderoso em One Punch Man Deluxe Edition. Explore um mundo repleto de desafios e vilões, utilizando superpoderes incríveis para derrotar seus inimigos em combates épicos. Com gráficos de alta qualidade e uma narrativa envolvente, esta edição deluxe oferece conteúdos exclusivos e uma experiência completa para os fãs de anime e ação.', '2020-02-27', 'Spike Chunsoft', 7.8, 1, 185, '/assets/home/jogos/one-punch-man-deluxe.jpg','jogo', 'Luta','https://www.youtube.com/watch?v=IZ9z9GLOPqE'),

('Gangs of Sherwood', 'Embarque em uma emocionante jornada estratégica com Gangs of Sherwood. Este jogo transporta você para a lendária floresta de Sherwood, onde você lidera sua gangue na luta contra a injustiça. Utilize táticas astutas, recrute aliados habilidosos e desafie o xerife corrupto para restaurar a justiça. Gráficos envolventes e jogabilidade estratégica fazem deste título uma experiência única para os amantes de estratégia e aventura.', '2022-04-26', 'Atomic Wolf', 7.5, 2, 250, '/assets/home/jogos/gangs-of-sherwood.jpg','jogo', 'Fantasia','https://www.youtube.com/watch?v=zg5b8Obt0P4'),

('Naruto Storm Generation Deluxe Edition', 'Reviva as emocionantes batalhas da série Naruto em Naruto Storm Generation Deluxe Edition. Com gráficos aprimorados e conteúdos exclusivos, este jogo de luta oferece uma experiência completa para os fãs da franquia. Escolha seu ninja favorito, domine técnicas poderosas e participe de confrontos épicos. A Deluxe Edition inclui extras especiais para enriquecer ainda mais sua jornada ninja.', '2012-02-23', 'CyberConnect2', 8.6, 3, 160, '/assets/home/jogos/naruto-storm-generation.jpg','pacote', 'Luta','https://www.youtube.com/watch?v=dq-IOQ8Wrgs'),

('Super Mario Bros. Wonder', 'Explore uma reimaginação moderna do clássico Super Mario Bros. em Super Mario Bros. Wonder. Com visuais deslumbrantes e novos desafios, esta versão oferece uma experiência nostálgica com um toque contemporâneo. A jornada épica do Mario ganha vida com gráficos atualizados e mecânicas inovadoras. Prepare-se para se encantar novamente com o encanador mais famoso dos videogames.', '2023-10-15', 'Nintendo', 7.5, 4, 350, '/assets/home/jogos/super-mario-wonder.jpg','jogo', 'Aventura','https://www.youtube.com/watch?v=XvQNlGKNC6o'),

('Call of Duty Modern Warfare 3', 'Entre no campo de batalha em Call of Duty: Modern Warfare 3. Como soldado de elite, você enfrentará desafios intensos em um dos jogos mais icônicos da série. Com gráficos realistas e uma narrativa envolvente, Modern Warfare 3 oferece uma experiência de tiro em primeira pessoa inigualável. Prepare-se para a ação frenética e missões emocionantes neste título aclamado pela crítica.', '2011-11-08', 'Infinity Ward', 9.0, 1, 259, '/assets/home/jogos/cod-modern-warfare-3.jpg','jogo', 'FPS','https://www.youtube.com/watch?v=CHtd3oVt1QE'),

('Tales of Arise', 'Embarque em uma jornada épica com Tales of Arise, o mais recente capítulo da renomada série de RPG. Com gráficos deslumbrantes, uma história envolvente e personagens cativantes, este jogo leva você a um mundo rico em detalhes e mistérios. Descubra habilidades únicas, enfrente inimigos formidáveis e mergulhe em um universo vibrante com Tales of Arise.', '2021-09-10', 'Bandai Namco Entertainment', 8.5, 2, 269, '/assets/home/jogos/tales-of-arise.jpg','jogo', 'Fantasia','https://www.youtube.com/watch?v=HQX3sbPahnA'),

('SpellForce 3', 'Explore o mundo de SpellForce 3, um jogo que combina estratégia em tempo real e elementos de RPG. Lidere seu exército em batalhas épicas, desenvolva suas habilidades mágicas e descubra um enredo envolvente. Com gráficos impressionantes e mecânicas de jogo inovadoras, SpellForce 3 oferece uma experiência única para os fãs de estratégia e RPG.', '2017-12-07', 'Grimlore Games, THQ Nordic', 7.5, 3, 39, '/assets/home/jogos/spellforce-3.jpg','jogo', 'Ação','https://www.youtube.com/watch?v=CHdP8FUfqzc'),

('My Hero Academia 2', 'Entre no mundo de My Hero Academia 2 e descubra a emoção de lutar com superpoderes. Baseado no popular anime, este jogo permite que você controle seu herói favorito em combates intensos. Desenvolva suas habilidades, enfrente vilões poderosos e mergulhe em uma narrativa emocionante. Com gráficos vibrantes e jogabilidade envolvente, esta é a experiência definitiva para os fãs de My Hero Academia.', '2022-10-28', 'Bandai Namco Entertainment', 8.0, 4, 50, '/assets/home/jogos/my-hero-academia-2.jpg','jogo', 'Luta','https://www.youtube.com/watch?v=eAnljHmNiKk'),

('Batman Arkham Collection', 'Experimente a trilogia épica do Cavaleiro das Trevas com a Batman Arkham Collection. Incluindo Arkham Asylum, Arkham City e Arkham Knight, esta coleção oferece uma jornada completa pelo mundo sombrio e perigoso do Batman. Com gráficos aprimorados, jogabilidade cativante e uma história imersiva, esta é a oportunidade perfeita para se tornar o Batman e enfrentar os maiores desafios de Gotham.', '2015-11-25', 'Rocksteady Studios, WB Games', 9.5, 4, 80, '/assets/home/jogos/batman-arkham-collection.jpg', 'assinatura','Ação','https://www.youtube.com/watch?v=RVD3p_gkaO4');


UPDATE Jogo SET jogosTrailer = 'https://www.youtube.com/embed/oBI0MU73nlc' WHERE jogosID = 1;
UPDATE Jogo SET jogosTrailer = 'https://www.youtube.com/embed/3zeUJaGxe14' WHERE jogosID = 2;

select*from user;

-- Jogo: Hogwarts Legacy
UPDATE Jogo SET jogosTrailer = 'https://www.youtube.com/embed/1O6Qstncpnc' WHERE jogosID = 3;

-- Jogo: Mortal Kombat 11
UPDATE Jogo SET jogosTrailer = 'https://www.youtube.com/embed/UoTams2yc0s' WHERE jogosID = 4;

-- Jogo: Batman Arkham Knight
UPDATE Jogo SET jogosTrailer = 'https://www.youtube.com/embed/lx4oQCHJ1D8' WHERE jogosID = 5;

-- Jogo: Injustice 2 Legendary Edition
UPDATE Jogo SET jogosTrailer = 'https://www.youtube.com/embed/vZb109HY7MY' WHERE jogosID = 6;

-- Jogo: Baldurs Gate 3
UPDATE Jogo SET jogosTrailer = 'https://www.youtube.com/embed/o_1WL8B8DBU' WHERE jogosID = 7;

-- Jogo: Lego Harry Potter Collection
UPDATE Jogo SET jogosTrailer = 'https://www.youtube.com/embed/tiv2tySHzQQ' WHERE jogosID = 8;

-- Jogo: Batman Arkham Collection
UPDATE Jogo SET jogosTrailer = 'https://www.youtube.com/embed/YsKBRuqhv3M' WHERE jogosID = 9;

-- Jogo: Injustice Gods Among Us Ultimate Edition
UPDATE Jogo SET jogosTrailer = 'https://www.youtube.com/embed/hMkTQSbE6Bc' WHERE jogosID = 10;

-- Jogo: Naruto Ultimate Ninja Storm 4 Road to Boruto
UPDATE Jogo SET jogosTrailer = 'https://www.youtube.com/embed/6aomIdYhuhU' WHERE jogosID = 11;

-- Jogo: Middle Earth Shadow of War Definitive Edition
UPDATE Jogo SET jogosTrailer = 'https://www.youtube.com/embed/bhSfjt8jQyk' WHERE jogosID = 12;

-- Jogo: Duke Nukem 3D World Tour
UPDATE Jogo SET jogosTrailer = 'https://www.youtube.com/embed/avv5-_ro-GQ' WHERE jogosID = 13;

-- Jogo: Lego DC Super Villains Deluxe Edition
UPDATE Jogo SET jogosTrailer = 'https://www.youtube.com/embed/UOqYaUQxZIQ' WHERE jogosID = 14;

-- Jogo: Nioh Complete Edition
UPDATE Jogo SET jogosTrailer = 'https://www.youtube.com/embed/_9PIVYW8u20' WHERE jogosID = 15;

-- Jogo: Minecraft Java
UPDATE Jogo SET jogosTrailer = 'https://www.youtube.com/embed/qNMfF9TYETM' WHERE jogosID = 16;

-- Jogo: Tekken 8 Ultimate Edition
UPDATE Jogo SET jogosTrailer = 'https://www.youtube.com/embed/2hPuRQz6IlM' WHERE jogosID = 17;

-- Jogo: Street Fighter 6
UPDATE Jogo SET jogosTrailer = 'https://www.youtube.com/embed/qqW4ENjH-pg' WHERE jogosID = 18;

-- Jogo: Lego Batman 3 Beyond Gotham Premium Edition
UPDATE Jogo SET jogosTrailer = 'https://www.youtube.com/embed/8vznzTBvPl4' WHERE jogosID = 19;

-- Jogo: Mortal Kombat X Premium Edition
UPDATE Jogo SET jogosTrailer = 'https://www.youtube.com/embed/jSi2LDkyKmI' WHERE jogosID = 20;

-- Jogo: Super Mario RPG
UPDATE Jogo SET jogosTrailer = 'https://www.youtube.com/embed/6umlOfTip4k' WHERE jogosID = 21;

-- Jogo: Eiyuden Chronicle
UPDATE Jogo SET jogosTrailer = 'https://www.youtube.com/embed/bJ6kJMrfKZ8' WHERE jogosID = 22;

-- Jogo: Lego Marvel Super Heroes 2 Deluxe Edition
UPDATE Jogo SET jogosTrailer = 'https://www.youtube.com/embed/VWxYyaclTWU' WHERE jogosID = 23;

-- Jogo: Lego Star Wars Skywalker Saga
UPDATE Jogo SET jogosTrailer = 'https://www.youtube.com/embed/AzjUuIMs5N0' WHERE jogosID = 24;

-- Jogo: Lego Marvel Super Heroes 2
UPDATE Jogo SET jogosTrailer = 'https://www.youtube.com/embed/TZp3WsNXIUY' WHERE jogosID = 25;

-- Jogo: Lego Indiana Jones
UPDATE Jogo SET jogosTrailer = 'https://www.youtube.com/embed/-y5ku1b9RcM' WHERE jogosID = 26;

-- Jogo: Batman Arkham City GOTY Edition
UPDATE Jogo SET jogosTrailer = 'https://www.youtube.com/embed/FCTdm8Nb7Ps' WHERE jogosID = 27;

-- Jogo: Lego Avengers Deluxe Edition
UPDATE Jogo SET jogosTrailer = 'https://www.youtube.com/embed/hyWbPHrsW_g' WHERE jogosID = 28;

-- Jogo: Pure Farming 2018 Deluxe Edition
UPDATE Jogo SET jogosTrailer = 'https://www.youtube.com/embed/YSga8NaUOb8' WHERE jogosID = 29;

-- Jogo: One Punch Man Deluxe Edition
UPDATE Jogo SET jogosTrailer = 'https://www.youtube.com/embed/IZ9z9GLOPqE' WHERE jogosID = 30;

-- Jogo: Gangs of Sherwood
UPDATE Jogo SET jogosTrailer = 'https://www.youtube.com/embed/zg5b8Obt0P4' WHERE jogosID = 31;

-- Jogo: Naruto Storm Generation Deluxe Edition
UPDATE Jogo SET jogosTrailer = 'https://www.youtube.com/embed/dq-IOQ8Wrgs' WHERE jogosID = 32;


-- Jogo: Super Mario Bros. Wonder
UPDATE Jogo SET jogosTrailer = 'https://www.youtube.com/embed/XvQNlGKNC6o' WHERE jogosID = 33;

-- Jogo: Call of Duty Modern Warfare 3
UPDATE Jogo SET jogosTrailer = 'https://www.youtube.com/embed/CHtd3oVt1QE' WHERE jogosID = 34;

-- Jogo: Tales of Arise
UPDATE Jogo SET jogosTrailer = 'https://www.youtube.com/embed/HQX3sbPahnA' WHERE jogosID = 35;

-- Jogo: SpellForce 3
UPDATE Jogo SET jogosTrailer = 'https://www.youtube.com/embed/CHdP8FUfqzc' WHERE jogosID = 36;

-- Jogo: My Hero Academia 2
UPDATE Jogo SET jogosTrailer = 'https://www.youtube.com/embed/eAnljHmNiKk' WHERE jogosID = 37;

-- Jogo: Batman Arkham Collection
UPDATE Jogo SET jogosTrailer = 'https://www.youtube.com/embed/RVD3p_gkaO4' WHERE jogosID = 38;



-- Inserindo chaves para os jogos restantes
INSERT INTO Chaves (chavesID)
VALUES 
    (101000000001),
    (102000000002),
    (103000000003),
    (104000000004),
    (105000000005),
    (106000000006),
    (107000000007),
    (108000000008),
    (109000000009),
    (110000000010),
    (111000000011),
    (112000000012),
    (113000000013),
    (114000000014),
    (115000000015),
    (116000000016),
    (117000000017),
    (118000000018),
    (119000000019),
    (120000000020),
    (121000000021),
    (122000000022),
    (123000000023),
    (124000000024),
    (125000000025),
    (126000000026),
    (127000000027),
    (128000000028),
    (129000000029),
    (130000000030),
    (131000000031),
    (132000000032),
    (133000000033),
    (134000000034),
    (135000000006), -- Chaves para Tales of Arise
    (136000000006), -- Chaves para SpellForce 3
    (137000000006), -- Chaves para My Hero Academia 2
    (138000000006); -- Chaves para Batman Arkham Collection


    -- Associando chaves aos jogos restantes
-- Associações entre as chaves e os jogos na tabela ChavesJogos
INSERT INTO ChavesJogos (chavesID, jogosID)
VALUES 
    (101000000001, 1),    -- Dragon Ball Fighter Z
    (102000000002, 2),    -- Dying Light Definitive Edition
    (103000000003, 3),    -- Hogwarts Legacy
    (104000000004, 4),    -- Mortal Kombat 11
    (105000000005, 5),    -- Batman Arkham Knight
    (106000000006, 6),    -- Injustice 2 Legendary Edition
    (107000000007, 7),    -- Baldurs Gate 3
    (108000000008, 8),    -- Lego Harry Potter Collection
    (109000000009, 9),    -- Batman Arkham Collection
    (110000000010, 10),   -- Injustice Gods Among Us Ultimate Edition
    (111000000011, 11),   -- Naruto Ultimate Ninja Storm 4 Road to Boruto
    (112000000012, 12),   -- Middle Earth Shadow of War Definitive Edition
    (113000000013, 13),   -- Duke Nukem 3D World Tour
    (114000000014, 14),   -- Lego DC Super Villains Deluxe Edition
    (115000000015, 15),   -- Nioh Complete Edition
    (116000000016, 16),   -- Minecraft Java
    (117000000017, 17),   -- Tekken 8 Ultimate Edition
    (118000000018, 18),   -- Street Fighter 6
    (119000000019, 19),   -- Lego Batman 3 Beyond Gotham Premium Edition
    (120000000020, 20),   -- Mortal Kombat X Premium Edition
    (121000000021, 21),   -- Super Mario RPG
    (122000000022, 22),   -- Eiyuden Chronicle
    (123000000023, 23),   -- Lego Marvel Super Heroes 2 Deluxe Edition
    (124000000024, 24),   -- Lego Star Wars Skywalker Saga
    (125000000025, 25),   -- Lego Marvel Super Heroes 2
    (126000000026, 26),   -- Lego Indiana Jones
    (127000000027, 27),   -- Batman Arkham City GOTY Edition
    (128000000028, 28),   -- Lego Avengers Deluxe Edition
    (129000000029, 29),   -- Pure Farming 2018 Deluxe Edition
    (130000000030, 30),   -- One Punch Man Deluxe Edition
    (131000000031, 31),   -- Gangs of Sherwood
    (132000000032, 32),   -- Naruto Storm Generation Deluxe Edition
    (133000000033, 33),   -- Super Mario Bros. Wonder
    (134000000034, 34),   -- Call of Duty Modern Warfare 3
    (135000000006, 35), -- Associação para Tales of Arise
    (136000000006, 36), -- Associação para SpellForce 3
    (137000000006, 37), -- Associação para My Hero Academia 2
    (138000000006, 38); -- Associação para Batman Arkham Collection